text,category
"The home team clinched the championship title with a stunning 3-1 victory. Star striker Marcus Williams scored twice in the final 20 minutes. Coach Johnson praised his players' determination and teamwork throughout the season.",sports
"The national basketball association announced record-breaking attendance figures this season. Over 22 million fans attended games across all arenas. Commissioner Silver called it a testament to the sport's growing global appeal.",sports
"Serena Thompson won her fifth grand slam title at the Australian Open defeating the second-seeded opponent in straight sets. The 28-year-old veteran showed remarkable composure in the tiebreaker. Tennis fans worldwide celebrated her historic achievement.",sports
"The Olympic committee confirmed the host city for the 2032 Summer Games after a competitive bidding process. Infrastructure investments totaling $4 billion are planned. Athletes from over 200 nations will compete in 32 sports.",sports
"A stunning upset rocked the football world as the underdog team eliminated the defending champions in extra time. Goalkeeper Rodriguez made three crucial saves in the penalty shootout. Fans flooded the streets in celebration.",sports
"Marathon world record broken by Kenyan runner Elijah Kosgei who completed the course in under two hours. The 24-year-old athlete trained at altitude in Rift Valley for eighteen months. Race organizers used laser pace vehicles to ensure optimal conditions.",sports
"The cricket world cup final attracted a global television audience of over one billion viewers. India defeated Australia by six wickets in a thrilling match at Lord's. Captain Sharma was named player of the tournament.",sports
"Transfer window closes with the most expensive player sale in football history at 220 million euros. Paris club secures Argentine winger despite competition from English Premier League sides. The deal includes significant performance bonuses.",sports
"Swimming superstar Michael Phelps-clone sets three world records at the World Aquatics Championships. The teenager from California dominated the 200m butterfly and 400m individual medley. Experts predict multiple gold medals at next year's Olympics.",sports
"Tour de France concludes with Colombian climber reclaiming overall victory after three stages in the Alps. The 27-year-old overcame a one-minute deficit in the penultimate mountain stage. It is his second consecutive Tour victory.",sports
"Formula One championship decided on the final lap of the Abu Dhabi Grand Prix in dramatic fashion. Dutch driver Max Verstanden overtook his British rival with just two corners remaining. The constructor's championship also went to his team.",sports
"NBA draft sees generational talent go first overall to the Orlando Magic franchise. The 19-year-old center from Duke University averaged 28 points and 12 rebounds last season. Analysts project an immediate impact in professional basketball.",sports
"Rugby World Cup hosts Japan upset Ireland 29-12 in one of the tournament's biggest shocks. The Brave Blossoms dominated the breakdown and used effective game management. Irish head coach offered his resignation following the defeat.",sports
"Heavyweight boxing champion defends title in rematch with former champion at Madison Square Garden. The fight went the full twelve rounds before judges scored a unanimous decision. Over sixty thousand fans watched the bout live.",sports
"Major League Baseball announces expansion to two new cities bringing total franchises to 32. Las Vegas and Nashville were selected after extensive evaluation of market conditions. Construction on new stadiums begins next spring.",sports
"International gymnastics federation bans controversial judging after scoring irregularities at world championships. Independent panel will review all results from the past three competitions. Several medals may be redistributed following the investigation.",sports
"Ice hockey legend Wayne Gretsky announces retirement from broadcasting after twenty years. The Great One was inducted into the Hall of Fame as a player in 1999. His son Trevor continues to pursue a professional hockey career.",sports
"Premier League clubs spend record 2.2 billion pounds during the summer transfer window. Chelsea and Manchester City led spending with multiple high-profile acquisitions. Youth academies are also seeing unprecedented investment levels.",sports
"World chess champion defends title against AI challenger in controversial twelve-game match in Vienna. The defending champion won six games while the AI system claimed four draws. The match format was criticized by some grandmasters.",sports
"University of Alabama football program recruits top-ranked class for the seventh consecutive year. Head coach leads program to national title contention with 14-0 regular season record. Three offensive starters declared for NFL draft early.",sports
"Cycling federation introduces new anti-doping measures including biological passport requirements. All competitors in Grand Tours must submit to enhanced testing protocols. Several past champions are under investigation for historical violations.",sports
"Winter Olympics in Milan attract over three thousand athletes from 91 nations. New events include mixed team ski jumping and freestyle snowboard cross. Norway leads the medal table at the halfway point of competition.",sports
"Young tennis prodigy Carlos Alcaraz wins consecutive Grand Slam titles at Wimbledon and US Open. The Spanish sensation becomes the youngest player to hold world number one ranking. His aggressive baseline style has revitalized men's tennis.",sports
"Super Bowl LIX draws record 120 million viewers in the United States. The Kansas City Chiefs defeated the San Francisco 49ers in overtime by a score of 27-24. Halftime show performer Beyoncé received widespread acclaim.",sports
"Golf's major championship season concludes with Rory McIlroy finally completing his career Grand Slam at Augusta. The Northern Irishman shot a final round 65 to win by three strokes. Tiger Woods congratulated him from the gallery.",sports
"A Silicon Valley startup has unveiled a new AI chip that processes data 10 times faster than current models. The chip uses a novel architecture that reduces power consumption by 40%. Industry analysts predict this breakthrough will accelerate adoption of edge computing devices.",technology
"Apple announced its latest iPhone model featuring a revolutionary camera system with computational photography capabilities. The new device includes a custom silicon chip that outperforms all previous mobile processors. Pre-orders exceeded five million units in the first hour.",technology
"Cybersecurity researchers discovered a critical vulnerability affecting millions of Internet of Things devices worldwide. The flaw allows remote code execution without authentication. Manufacturers have been notified and patches are being distributed urgently.",technology
"Google's DeepMind division achieved a breakthrough in protein folding prediction accuracy reaching 98.5 percent. The AlphaFold 3 system can now predict complex multi-protein interactions. Pharmaceutical companies are licensing the technology for drug discovery.",technology
"Electric vehicle battery technology advances with new solid-state design that charges in under ten minutes. The battery offers a range of 600 miles on a single charge. Mass production is expected to begin at three new gigafactories by 2026.",technology
"Social media platform introduces end-to-end encryption for all direct messages by default. The change affects two billion users across its messaging services. Privacy advocates praised the decision while law enforcement agencies expressed concerns.",technology
"Quantum computing startup demonstrates 1000-qubit processor that maintains coherence for record 10 milliseconds. The achievement brings practical quantum advantage closer to commercial reality. IBM and Google have both announced competing roadmaps.",technology
"Open-source large language model surpasses GPT-4 performance benchmarks according to independent evaluation. The model was trained on a diverse dataset using a novel curriculum learning approach. Developers can access it freely through a commercial-friendly license.",technology
"Autonomous vehicle company Waymo expands robotaxi service to fifteen new US cities. The fleet of 3000 driverless cars uses advanced lidar and camera fusion. Ride completion rates exceed 99.7 percent with zero safety incidents reported.",technology
"Microsoft integrates AI assistant Copilot deeply into Windows 11 enabling natural language system control. Users can manage files and settings through conversational commands. Enterprise adoption has grown 300 percent in the past two quarters.",technology
"Startup develops brain-computer interface allowing paralyzed patients to control computers with thought alone. Clinical trials show 95 percent accuracy in translating neural signals to cursor movements. FDA fast-track designation expedites regulatory review.",technology
"5G network coverage reaches 80 percent of the US population according to the latest FCC report. Average download speeds of 1.2 gigabits per second are transforming mobile computing. Rural areas are scheduled to receive expanded coverage next year.",technology
"New programming language Mojo combines Python's ease of use with C performance for AI workloads. Benchmarks show it runs certain matrix operations 68000 times faster than Python. The language is gaining rapid adoption in machine learning research.",technology
"Blockchain technology deployed to secure supply chain transparency for pharmaceutical companies. Smart contracts automatically verify drug authenticity at each distribution point. Counterfeit medication incidents dropped 87 percent in the pilot program.",technology
"Virtual reality headset sales surpassed 50 million units globally for the first time. Meta Quest 4 and Apple Vision Pro dominate the premium segment. Enterprise use cases are driving growth beyond gaming applications.",technology
"Researchers demonstrate room-temperature superconductor material opening possibilities for lossless power transmission. The material works under modest pressure conditions of 1 gigapascal. Independent labs are rushing to replicate the results.",technology
"Amazon Web Services launches new cloud region in Southeast Asia to meet surging demand. The facility uses 100 percent renewable energy and advanced liquid cooling. Latency for regional customers drops from 150ms to under 20ms.",technology
"Deepfake detection technology achieves 99.2 percent accuracy in identifying synthetic media. The model was trained on a dataset of 10 million authentic and fabricated videos. Social platforms are integrating the tool to flag misleading content.",technology
"Space tourism company successfully completes first commercial orbital mission with four private passengers. The crew spent three days aboard the International Space Station. Ticket prices of 55 million dollars each have already sold out through 2027.",technology
"Self-healing concrete embedded with bacteria that produce calcium carbonate extends bridge lifespan by decades. Infrastructure agencies in twelve countries are evaluating the material. Construction costs are expected to decrease 30 percent over time.",technology
"Augmented reality glasses achieve all-day battery life with new micro-display technology. The 28-gram device projects high-resolution information onto the visual field naturally. Consumer launch is planned for next holiday season at 899 dollars.",technology
"Generative AI tools help architects design energy-efficient buildings that reduce consumption by 45 percent. The software analyzes local climate data and optimizes window placement and insulation. Several LEED Platinum certifications have been awarded to AI-designed structures.",technology
"The Senate passed landmark legislation to reform campaign finance laws by a narrow 51-49 vote. The bill limits individual donations to political campaigns and increases transparency requirements. Opposition lawmakers vowed to challenge the law in federal court.",politics
"Presidential election results show incumbent winning reelection with 306 electoral votes. Voter turnout reached a historic 68 percent of eligible adults. Swing states Pennsylvania and Arizona proved decisive in the outcome.",politics
"United Nations Security Council adopts resolution calling for ceasefire in Eastern European conflict. The vote passed 14-1 with one permanent member abstaining. Humanitarian corridors are to be established within 72 hours.",politics
"Congressional budget deal averts government shutdown with bipartisan support in both chambers. The omnibus spending bill allocates 1.2 trillion dollars for fiscal year operations. Defense spending increases 6 percent while domestic programs are held flat.",politics
"Supreme Court issues landmark ruling on digital privacy finding warrantless access to cloud data unconstitutional. The 6-3 decision updates Fourth Amendment protections for the digital age. Tech companies immediately praised the ruling.",politics
"Foreign minister meets counterparts at G7 summit to coordinate response to global economic slowdown. Communiqué calls for coordinated stimulus measures and trade barrier reduction. Climate change and artificial intelligence regulation also featured prominently.",politics
"Governor signs sweeping criminal justice reform bill reducing mandatory minimum sentences. The legislation also expands diversion programs for nonviolent offenders. Civil rights organizations called it the most significant reform in three decades.",politics
"Local elections sweep new progressive coalition into power in major metropolitan areas. Exit polls show housing affordability and public safety as top voter concerns. Three incumbent mayors were ousted in surprise defeats.",politics
"NATO alliance agrees to increase collective defense spending to three percent of GDP. Eastern European members receive additional troop deployments and air defense systems. Russia condemned the announcement as provocative.",politics
"Prime minister survives no-confidence vote by just three votes amid coalition tensions. The junior coalition partner demanded cabinet reshuffling as price of continued support. Early election remains possible if negotiations break down.",politics
"International court issues arrest warrant for former head of state on genocide charges. The accused leader has sought asylum in a non-member country. Diplomatic pressure mounts for extradition.",politics
"Congress passes infrastructure bill allocating 550 billion dollars for roads bridges ports and broadband. The legislation creates an estimated 2 million jobs over five years. Rural communities are set to receive a disproportionate share of broadband funding.",politics
"State department announces new sanctions package targeting oligarchs connected to human rights abuses. Dozens of individuals and entities had assets frozen and travel bans imposed. Allies in Europe and Asia joined the coordinated measures.",politics
"Presidential primary race narrows to three credible candidates after Super Tuesday results. The frontrunner swept seven of fourteen states while the challenger claimed three large states. Convention delegates are now being targeted aggressively.",politics
"Parliament votes to nationalize strategic energy infrastructure citing national security concerns. The move affects three major pipeline operators and two offshore platforms. Compensation to existing shareholders is under negotiation.",politics
"Referendum on constitutional amendment to establish universal basic income passes by slim margin. Forty-two percent of voters supported the measure while 38 percent opposed with 20 percent abstaining. Implementation details will be worked out over the next two years.",politics
"Opposition party elects new leader in landmark contest that attracted 700000 member votes. The incoming leader pledged to rebuild trust with working-class voters. Policy platform will prioritize healthcare industrial strategy and housing.",politics
"City council approves controversial rezoning plan to allow high-density housing near transit corridors. Neighborhood groups protested outside city hall during the six-hour hearing. Developers estimate 45000 new units can be built under the new rules.",politics
"International climate summit concludes with binding commitments from 130 nations to reach net-zero by 2050. Developing nations secured a 100 billion dollar annual fund for green transition. Several major emitters still declined to sign the final accord.",politics
"Attorney general launches antitrust investigation into four major technology platforms. The probe focuses on anti-competitive acquisition practices and data monopolization. Preliminary findings are expected within six months.",politics
"Electoral college reform bill advances through Senate Judiciary Committee on party-line vote. The measure would require the electoral college to reflect popular vote outcomes. Constitutional scholars are divided on whether the bill is legally viable.",politics
"Whistleblower reveals classified government surveillance program collecting metadata on domestic communications. Congressional oversight committees demand briefings from intelligence agencies. Civil liberties groups file emergency injunctions in federal court.",politics
"Defense secretary announces modernization of nuclear triad at cost of 1.7 trillion dollars over 30 years. New submarine-launched missiles and long-range bombers will replace aging systems. Arms control advocates warn of renewed proliferation risks.",politics
"Mayor proposes universal pre-kindergarten program serving all three and four year-olds in the city. The 800-million-dollar annual program would be funded through a corporate payroll tax. Early childhood advocacy groups expressed enthusiastic support.",politics
"Global markets rose sharply following the Federal Reserve's decision to hold interest rates steady. The S&P 500 gained 1.8% while the Nasdaq climbed 2.3% to close at record highs. Investor sentiment improved as inflation data came in below expectations.",business
"Amazon reported quarterly earnings of 15.3 billion dollars beating analyst estimates by 22 percent. AWS cloud revenue grew 37 percent year over year. CEO Andy Jassy announced a new 10-billion-dollar share buyback program.",business
"OPEC plus coalition agrees to cut oil production by 1.5 million barrels per day starting next month. Crude oil prices jumped 6 percent on the announcement. European energy ministers convened an emergency meeting to assess impact.",business
"Merger between two major pharmaceutical companies valued at 95 billion dollars clears regulatory review. The combined entity will control 30 percent of the global oncology drug market. Thousands of job cuts are expected as operations are consolidated.",business
"Inflation falls to 2.1 percent for the first time in three years giving central banks room to ease policy. Core services prices remain elevated but goods deflation is accelerating. Mortgage applications surged 18 percent following the report.",business
"Tesla delivers record 500000 vehicles in the second quarter driven by price cuts and model refreshes. Operating margins improved to 18.5 percent despite competitive pressure from Chinese manufacturers. Battery production at Gigafactories is running at full capacity.",business
"JPMorgan Chase posts record annual profit of 49 billion dollars on strong trading and lending revenues. CEO Jamie Dimon warns of geopolitical and macroeconomic risks ahead. The bank will increase its quarterly dividend by 10 percent.",business
"Startup raises 500 million dollar Series C funding round at a 4 billion dollar valuation. The fintech company provides embedded financial services to small businesses. Investors include Sequoia Capital and SoftBank Vision Fund.",business
"LVMH acquires iconic American fashion house Ralph Lauren in a deal valued at 12 billion dollars. The luxury conglomerate expands its presence in the lifestyle and premium sports category. Manufacturing operations will be consolidated but jobs are to be preserved.",business
"Consumer confidence index reaches highest level in 18 months according to Conference Board survey. Spending on travel and dining out drives gains in discretionary categories. Retailers are increasing inventory in anticipation of strong holiday sales.",business
"World Trade Organization rules against United States tariffs on steel imports finding them in violation of trade agreements. The decision requires removal or renegotiation of duties within 15 months. Domestic steel producers warn of job losses if tariffs are lifted.",business
"Chip shortage eases as Taiwan Semiconductor Manufacturing Company opens three new advanced fabs. Leading-edge 2 nanometer chips are now shipping at volume to major customers. Personal computer and automotive production constraints are expected to ease.",business
"Luxury electric vehicle startup Rivian reports first quarterly operating profit after five years of losses. Deliveries totaled 18000 units beating guidance by 3000 vehicles. Expansion into European markets is planned for next year.",business
"Central bank raises interest rates by 25 basis points in final tightening move of the cycle. Policymakers signal pause to assess lagged effects of previous rate increases. Bond markets rallied with 10-year Treasury yields falling 15 basis points.",business
"Private equity firm takes major American retailer private in a 23 billion dollar leveraged buyout. The deal includes assumption of 4 billion in existing debt. Management will retain equity stakes in the go-private transaction.",business
"Green hydrogen startup secures 1.2 billion dollar loan guarantee from Department of Energy for industrial-scale electrolyzer plant. The facility will produce hydrogen for steel and cement manufacturing. Commercial operations begin in 2026.",business
"Agricultural commodity prices surge following drought reports across key growing regions in South America. Soybean futures hit 10-year highs while corn and wheat also moved sharply higher. Food price inflation is expected to re-accelerate in the coming months.",business
"Berkshire Hathaway discloses new 10 billion dollar stake in five leading Japanese trading companies. Warren Buffett called the investments an attractive long-term opportunity. The move represents one of his largest international investments in decades.",business
"Healthcare giant Unitedhealth expands its physician group arm with acquisition of multi-state medical practice. The deal adds 4000 doctors to its roster and strengthens the vertical integration strategy. Antitrust regulators have requested additional information.",business
"Commercial real estate market shows signs of stabilization after two years of rising vacancy rates. Urban office conversions to residential units are gaining regulatory approvals. Investment sales volume ticked up 12 percent in the latest quarter.",business
"Airline industry reports strongest summer travel season on record with passenger loads exceeding pre-pandemic levels. Capacity constraints and fuel hedging have supported ticket prices. Three major carriers posted double-digit profit margins.",business
"Cryptocurrency exchange FTX successor firm emerges from bankruptcy and begins repaying creditors. 93 cents on the dollar recovered for most customer claims. New management has overhauled compliance and risk management systems.",business
"Hollywood blockbuster 'Galactic Quest 3' shattered opening weekend records with $340 million domestically. Director Sofia Chen's visual spectacle exceeded all pre-release projections. The film features groundbreaking CGI and an all-star ensemble cast.",entertainment
"Streaming giant Netflix reported 8 million new subscribers in the fourth quarter driven by hit original series. Total subscriber count reached 280 million globally. Password-sharing crackdown contributed to reactivations and new account creation.",entertainment
"Grammy Awards ceremony celebrates breakthrough year for independent artists with three of four major categories won by unsigned acts. Best Album went to a debut folk artist from Nashville. The Recording Academy introduced a new spatial audio category.",entertainment
"Broadway revival of classic musical Hamilton breaks box office records for a revival production. The reimagined staging features an entirely new cast and updated choreography. Critics praised the fresh interpretation of the Lin-Manuel Miranda classic.",entertainment
"Streaming music revenue surpassed 25 billion dollars globally for the first time according to IFPI report. Taylor Swift and Bad Bunny were the most-streamed artists across platforms. Vinyl record sales continued their surprising 18-year growth streak.",entertainment
"Acclaimed director Christopher Nolan begins filming a new science fiction epic in Iceland and Morocco. The production budget exceeds 250 million dollars making it his most ambitious project. Three Oscar-winning actors lead the cast.",entertainment
"Book adaptation rights for bestselling fantasy novel series sold for record 300 million dollars. The seven-book saga will be adapted into both a film trilogy and television series. Author George R.R. Martin serves as executive producer.",entertainment
"Video game studio Rockstar Games announces Grand Theft Auto VI with simultaneous release on PlayStation and Xbox. The open-world title set in a fictional Miami-inspired city launches holiday season. Pre-orders shattered records within the first hour.",entertainment
"Oscars ceremony takes unexpected turn as animated film wins Best Picture for first time in Academy history. The 94th Academy Awards were held at the Dolby Theatre in Los Angeles. The film received nine nominations and won six total categories.",entertainment
"K-pop group BTS announces reunion tour after mandatory military service completion. The world tour spans 40 cities across North America Asia and Europe. Tickets sold out in under four minutes triggering widespread server crashes.",entertainment
"Podcast industry revenue exceeds 2 billion dollars as advertising rates rise and listener numbers grow. Spotify leads in podcast monetization with exclusive content deals. True crime remains the most popular genre worldwide.",entertainment
"Late-night television undergoes transformation with three new streaming-only talk show formats launching. Traditional network time slots are seeing declining ratings among viewers under 35. Comedians are pivoting to YouTube and social media platforms.",entertainment
"Art auction house Sotheby's sells a digitally authenticated Basquiat painting for a record 110 million dollars. The blockchain certificate of authenticity attracted additional bidders. Virtual auction participants represented 40 percent of total bidding.",entertainment
"Hit television series Succession inspires three major theatrical adaptations opening simultaneously on two continents. The stage versions explore storylines not addressed in the original series. Casting has attracted some of the world's top stage actors.",entertainment
"Disney announces 10 billion dollar investment in theme park expansion across all major resort properties. New Star Wars and Marvel immersive experiences anchor the expansion plans. Construction is expected to create 25000 permanent jobs.",entertainment
"Independent film festival Sundance introduces AI-assisted filmmaking award category. Ten films made primarily with generative AI tools competed for the inaugural prize. Festival organizers emphasized human creative direction as a requirement.",entertainment
"Record label Warner Music Group signs landmark deal with AI music startup to create virtual artists. The synthetic musicians will release original albums and tour using holographic technology. Human songwriters will receive royalties for contributing to their training.",entertainment
"Comic book publisher Marvel announces complete cinematic universe reboot starting in 2026. The new continuity will introduce fresh actors in all major roles. Kevin Feige confirmed a five-phase plan extending to 2035.",entertainment
"Celebrity chef Gordon Ramsay expands restaurant empire into Asia with 12 new openings planned. The Michelin-starred chef will feature local ingredients in globally-inspired menus. His television production company is also launching an Asian cooking competition.",entertainment
"Reality television format The Voice celebrates its 25th anniversary with an all-winners season. Fourteen past champions compete for a recording contract and cash prize. Viewership for the special event exceeded 20 million viewers.",entertainment
"A new clinical trial shows a promising vaccine reduces the risk of a common respiratory illness by 85%. Researchers at Johns Hopkins University conducted the three-year study across 15 countries. Health officials say the vaccine could be available to the public within 18 months.",health
"Mediterranean diet adherence linked to 30 percent reduction in cardiovascular disease risk in landmark 20-year cohort study. Researchers tracked 45000 participants across seven European countries. Olive oil and fish consumption showed the strongest protective effects.",health
"FDA approves first gene therapy for sickle cell disease offering potential cure for the hereditary condition. The one-time treatment edited patients' own blood stem cells to produce healthy hemoglobin. Annual cost is estimated at 2.2 million dollars per patient.",health
"Mental health crisis among adolescents prompts pediatric society to recommend screening at every doctor visit. Anxiety and depression rates doubled during the pandemic and have not returned to baseline. School-based counseling programs received 3 billion dollars in federal support.",health
"New weight-loss drug class GLP-1 agonists show effectiveness beyond obesity treatment for addiction and dementia. Clinical trials demonstrated 40 percent reduction in alcohol use disorder relapse. Broader applications could reshape treatment for multiple chronic conditions.",health
"WHO declares end to mpox public health emergency of international concern after sustained decline in cases. Over 90000 infections were reported across 112 countries during the outbreak. Vaccination campaigns and behavioral interventions contributed to control.",health
"Antibiotic resistance projected to cause 10 million deaths annually by 2050 without urgent action. New report calls for greater investment in developing novel antimicrobial agents. Stewardship programs to reduce unnecessary prescriptions are being expanded globally.",health
"Exercise shown to delay Alzheimer's disease onset by up to 10 years in genetically at-risk individuals. The study of 12000 participants over 25 years measured cognitive decline against activity levels. Even moderate physical activity three times per week showed significant benefit.",health
"Artificial intelligence system matches dermatologist accuracy in detecting skin cancer from smartphone photos. The app was validated in a study of 30000 lesion images across six continents. Regulatory approval is sought for use as a triage tool in underserved areas.",health
"Longevity researchers identify biological clock reset mechanism in mice that reverses cellular aging by 50 percent. The epigenetic reprogramming technique restores youthful gene expression patterns. Human trials are at least five years away pending safety studies.",health
"Universal health coverage reaches 80 percent of global population for first time according to WHO progress report. Sub-Saharan Africa showed largest gains driven by community health worker programs. Financial protection against catastrophic health costs improved measurably.",health
"Nurse shortage in United States projected to reach 1.2 million by 2030 as baby boomers age and training capacity stagnates. Hospitals are paying travel nurses triple normal rates. International recruitment and education incentives are top legislative priorities.",health
"Childhood obesity rates plateau for first time in two decades following school nutrition policy improvements. Soda taxes in fourteen cities correlated with reduced consumption among under-18s. Physical education requirements were also strengthened in nine states.",health
"CRISPR gene editing corrects hereditary blindness in clinical trial with 11 of 14 patients showing significant improvement. The treatment is delivered directly to the retina in a single outpatient procedure. Results were maintained through the three-year follow-up period.",health
"Sleep deprivation linked to accelerated brain aging equivalent to five years of biological aging in neuroimaging study. Adults sleeping fewer than six hours nightly showed reduced grey matter density. Cognitive behavioral therapy for insomnia is recommended as first-line treatment.",health
"New maternal mortality report shows United States rate three times higher than peer nations despite highest healthcare spending. Racial disparities are most pronounced with Black women four times more likely to die from pregnancy complications. Policy recommendations focus on extended postpartum coverage.",health
"Dengue fever outbreaks reach record levels across tropical regions with 5 million cases reported year to date. Climate change is enabling Aedes mosquito range expansion into new territories. WHO calls for expanded vaccine deployment and vector control programs.",health
"Microplastic particles found in human heart tissue for the first time in autopsy study. Researchers detected 9 different polymer types in cardiac samples from 23 patients. Long-term health implications require further investigation through prospective studies.",health
"National cancer institute reports 15 percent decline in overall cancer mortality over past decade. Improved screening rates for colorectal and lung cancer drove significant gains. Immunotherapy advances produced particularly dramatic improvements in melanoma survival.",health
"Telehealth services now account for 25 percent of outpatient visits up from 2 percent before the pandemic. Rural patients show highest satisfaction rates with remote consultation models. Regulatory flexibilities extended to allow interstate practice of telehealth.",health
"Astronomers have discovered a potentially habitable exoplanet orbiting a nearby star just 12 light-years away. The planet, designated Kepler-452f, sits within the habitable zone and shows signs of liquid water. Scientists plan to study its atmosphere using the next-generation space telescope.",science
"CERN physicists observe new fundamental particle that does not fit the standard model of particle physics. The detection required analysis of 500 trillion collision events from the Large Hadron Collider. Theoretical physicists are proposing several competing explanations for the anomalous mass.",science
"Mars sample return mission successfully lands collection rover in Jezero Crater targeting ancient lake bed sediments. Eight core samples will be cached for eventual transport to Earth. Analysis could reveal whether Mars ever harbored microbial life.",science
"Climate scientists warn permafrost thaw in Siberia could release 1.5 trillion tons of carbon dioxide equivalent. Methane emissions from melting permafrost are running 60 percent above model projections. Tipping point risks for Arctic carbon cycle are now considered elevated.",science
"Fusion energy milestone achieved as National Ignition Facility sustains plasma for 8.6 seconds producing net energy gain. The result confirms scientific feasibility of commercial fusion power. Private companies have announced accelerated timelines for demonstration reactors.",science
"New species of hominin discovered in Indonesian cave pushes timeline of human relatives back 1.4 million years. The skull fragments suggest a population distinct from Homo erectus and Homo floresiensis. Paleoanthropologists are debating the species' relationship to modern humans.",science
"Gravitational wave observatory detects collision of two neutron stars at distance of 130 million light-years. The event produced heavy elements including gold and platinum in a kilonova explosion. Multi-messenger astronomy confirmed both gravitational and electromagnetic signals.",science
"Breakthrough in room-temperature quantum coherence using synthetic diamond defects could enable practical quantum sensors. The NV center qubits maintained coherence for 6 milliseconds at 25 degrees Celsius. Applications in medical imaging and navigation are being explored.",science
"Deep-sea expedition discovers thriving ecosystem around hydrothermal vents in Pacific Ocean trench. More than 30 new species were catalogued including previously unknown chemosynthetic bacteria. The findings expand understanding of life in extreme environments.",science
"Mathematical proof of the Riemann Hypothesis verified by international team after 165 years of attempts. The seven-year collaborative proof uses tools from algebraic geometry and number theory. The Clay Mathematics Institute will award the 1-million-dollar Millennium Prize.",science
"NASA's James Webb Space Telescope captures first direct images of rocky exoplanets in another star system. Spectroscopic analysis suggests two planets have atmospheres containing water vapor. Follow-up observations will search for biosignature gases like oxygen and methane.",science
"Neuroplasticity research shows adult brains can generate new neurons in hippocampus throughout life. The finding overturns longstanding dogma that neurogenesis stops at birth. Exercise and enriched environments significantly enhance new neuron production in mice.",science
"Giant sequoia trees absorb 4 times more carbon dioxide than previously estimated in revised forest carbon study. Old-growth trees greater than 800 years old store disproportionate amounts of carbon. Conservation of ancient forests is now considered critical to climate targets.",science
"Synthetic biology company engineers bacteria that can digest plastics at ambient temperatures. The modified E. coli strain breaks down PET plastic 20 times faster than any known organism. Scale-up studies are underway to assess real-world cleanup potential.",science
"Solar activity reaches solar maximum with unprecedented sunspot count causing widespread aurora visibility. Geomagnetic storms disrupted satellite operations and GPS accuracy for several days. Power grid operators successfully implemented contingency protocols.",science
"Ocean acidification study reveals coral bleaching threshold reached at 1.5 degrees Celsius warming consistently exceeded. Great Barrier Reef experienced its sixth mass bleaching event in eight years. Coral assisted evolution programs are attempting to breed heat-resistant varieties.",science
"Paleontologists uncover largest sauropod dinosaur ever discovered in Patagonia. The herbivore weighed an estimated 80 tons and measured 37 meters in length. Growth ring analysis indicates it died at approximately 40 years of age.",science
"Quantum internet prototype successfully transmits entangled photons between nodes 50 kilometers apart. The demonstration used quantum repeater technology to maintain entanglement over the distance. Full quantum networks could eventually provide theoretically unbreakable communications.",science
"Researchers develop novel carbon capture material that removes CO2 from air 1000 times more efficiently than trees. The metal-organic framework operates in ambient conditions and releases CO2 for storage when heated. Direct air capture costs could fall below 50 dollars per ton.",science
"Blood test can detect 50 types of cancer up to four years before symptoms appear with 93 percent accuracy. The liquid biopsy analyzes circulating tumor DNA fragments in a standard blood draw. Large-scale population screening trials begin enrollment next year.",science
"Volcanic eruption in Iceland opens new lava field threatening nearby geothermal infrastructure. Scientists monitoring seismic activity had predicted the event within a 24-hour window. Eruptions along the Reykjanes Peninsula are now expected to continue for decades.",science
"Ancient tree rings from 3000-year-old Siberian larches reveal previously unknown solar storm in 993 CE. The carbon-14 spike exceeds any event in the modern instrumental record. The finding has implications for satellite and power grid vulnerability assessments.",science
"Tottenham Hotspur win the Champions League final beating Real Madrid 2-1 in extra time. Harry Kane scored both goals including a dramatic header in the 118th minute. The victory ends the club's 116-year wait for European glory.","sports"
"US women's national soccer team wins gold medal at Paris Olympics defeating Brazil in penalty shootout. Trinity Rodman was named player of the tournament with six goals and four assists.","sports"
"Indianapolis 500 won by rookie driver Theo Pourchaire in his debut at the legendary oval. The 22-year-old French driver led the final 47 laps after a strategic fuel save decision.","sports"
"PGA Tour and LIV Golf announce historic merger to form unified professional tour. The deal ends two years of legal disputes over player defections. Tiger Woods played a key role in facilitating negotiations.","sports"
"Rafael Nadal officially retires from professional tennis at age 38 after 22 grand slam titles. The Spaniard played his final match at the Davis Cup. Roger Federer and Novak Djokovic attended to pay tribute.","sports"
"Robotics company Boston Dynamics deploys humanoid robots in automotive assembly plants. The Atlas robot performs 12 distinct assembly tasks at superhuman precision. Deployment marks first large-scale commercial use of general-purpose humanoid robots.","technology"
"Starlink satellite constellation reaches 10000 active satellites providing global high-speed coverage. Latency has dropped to under 25 milliseconds making it viable for real-time applications. The company plans to offer direct-to-cell service globally by year end.","technology"
"Smart city platform in Singapore uses real-time data from 200000 sensors to optimize traffic flow. Average commute times dropped 18 percent since the full rollout. The system has been licensed to 15 other cities across Asia.","technology"
"Senate confirms first Native American Secretary of the Interior in US history. The historic appointment was celebrated by tribal nations across the country. New secretary pledged to prioritize treaty rights in land management decisions.","politics"
"Venture capital funding rebounds with 185 billion dollars deployed globally in the first half. AI companies attracted 40 percent of all investment. Late-stage valuations have recovered after the 2022-2023 correction.","business"
"Warren Buffett's Berkshire Hathaway annual meeting draws 40000 shareholders to Omaha for the 59th year. Cash reserves hit record 189 billion dollars awaiting deployment. The 93-year-old investor answered questions for six hours on his philosophy.","business"
"European Central Bank cuts interest rates for third consecutive meeting as inflation returns to target. Deposit facility rate now stands at 2.75 percent. GDP growth is projected to recover to 1.2 percent next year.","business"
"Taylor Swift Eras Tour becomes the highest-grossing concert tour in history surpassing 2 billion dollars. The 21-month world tour played 151 shows across six continents. Economic impact studies showed 5 billion in local activity.","entertainment"
"Video game industry surpasses film box office globally for first time with 220 billion dollars in revenue. Mobile gaming accounts for 45 percent of total market value. Esports prize pools now rival traditional sports tournaments.","entertainment"
"Legendary rock band The Rolling Stones release first studio album in 18 years to critical acclaim. The record features contributions from late drummer Charlie Watts recorded before his death. It debuted at number one in 32 countries.","entertainment"
"Cannes Film Festival selects 15 films from emerging markets for the main competition for first time. The selection includes directors from Nigeria Ethiopia Vietnam and Colombia. Festival director emphasized commitment to reflecting global cinema.","entertainment"
"Streaming service HBO Max orders 15 new original series following record subscriber growth. Budget commitment totals 4 billion dollars across prestige drama limited series and comedy formats. Priority includes adapting several acclaimed novels.","entertainment"
"Landmark study links ultra-processed food consumption to 32 distinct adverse health outcomes including dementia. The cohort study followed 500000 UK Biobank participants for 15 years. Researchers recommend dietary guidelines explicitly limit ultra-processed food intake.","health"
"Psychedelic-assisted therapy receives expanded FDA approval for treatment-resistant PTSD and major depression. Licensed treatment centers must meet strict protocols for therapist training. Insurance coverage mandates are under consideration in six states.","health"
"World first malaria vaccine deployed at scale across sub-Saharan Africa showing 75 percent efficacy in children. The vaccine is administered in four doses before age two. Modeling suggests 40000 childhood deaths per year could be prevented.","health"
"Loneliness declared a public health epidemic by US Surgeon General with 50 percent of adults reporting social isolation. Health impacts are comparable to smoking 15 cigarettes daily. Policy recommendations include community connection infrastructure investment.","health"
"New antibiotic discovered in soil bacteria using machine learning analysis of environmental microbiome data. The compound kills drug-resistant bacteria without detectable resistance in laboratory trials. Clinical development pathway could see it available within seven years.","health"
"Antarctic ice sheet loses record 3 trillion tons of ice in a single calendar year according to satellite measurements. Sea level rise contribution exceeded projections from best available models. Feedback mechanisms are accelerating beyond linear extrapolations.","science"
"Scientists synthesize first entirely artificial chromosome in yeast demonstrating modular genetic programming. The synthetic chromosome contains 272000 base pairs without any natural DNA. The achievement is a milestone for the international synthetic yeast project.","science"
"Artificial photosynthesis system converts sunlight and carbon dioxide to liquid fuel at record 18 percent efficiency. The photoelectrochemical device uses earth-abundant catalysts rather than precious metals. Scale-up to commercial production is targeted within three years.","science"
